{"pipePeriod":2.469054698944092,"isWKeyEnabled":true,"vitalityDifficulty":0.550000011920929}